mean_fit_time,std_fit_time,mean_score_time,std_score_time,param_model__min_samples_leaf,param_model__max_leaf_nodes,param_model__max_depth,param_model__learning_rate,param_model__l2_regularization,params,split0_test_score,split1_test_score,split2_test_score,split3_test_score,split4_test_score,mean_test_score,std_test_score,rank_test_score,split0_train_score,split1_train_score,split2_train_score,split3_train_score,split4_train_score,mean_train_score,std_train_score
0.3477431297302246,0.23298918833271454,0.03361387252807617,0.023317356227796647,50,15,5,0.4823178482239304,2.335721469090121e-06,"{'model__min_samples_leaf': 50, 'model__max_leaf_nodes': 15, 'model__max_depth': 5, 'model__learning_rate': 0.4823178482239304, 'model__l2_regularization': 2.335721469090121e-06}",0.5934536555521567,0.5324532453245324,0.5200876552227904,0.46726773814190514,0.5399159663865546,0.5306356521255878,0.04040366862953017,1,0.9955001730702665,0.961604980975441,0.9422463682532185,0.6219814525755211,0.6112537598121928,0.826517346937328,0.17226167002382672
0.346818208694458,0.23291834233897737,0.030799722671508788,0.023052109477884598,100,63,5,0.4823178482239304,1e-06,"{'model__min_samples_leaf': 100, 'model__max_leaf_nodes': 63, 'model__max_depth': 5, 'model__learning_rate': 0.4823178482239304, 'model__l2_regularization': 1e-06}",0.5111430625449317,0.5475421600287046,0.5032160423760879,0.5146533238027162,0.5239774330042314,0.5201064043513344,0.015251671802677103,2,0.9603340292275574,0.9252693778241223,0.9166568152263861,0.6293212669683258,0.622254651587012,0.8107672281666807,0.15175849450184614
0.5780807971954346,0.35436331033683705,0.052969503402709964,0.03637821081951757,50,63,8,0.042986623470822743,4.281332398719387,"{'model__min_samples_leaf': 50, 'model__max_leaf_nodes': 63, 'model__max_depth': 8, 'model__learning_rate': 0.042986623470822743, 'model__l2_regularization': 4.281332398719387}",0.5807514831905076,0.5239543726235741,0.4854070660522274,0.4814534443603331,0.4860166288737717,0.511516599020083,0.037904925420483716,3,0.8263721090783569,0.804987876688604,0.8053435114503817,0.657277848446302,0.6411308041599532,0.7470224299647196,0.08040502405010089
0.33866186141967775,0.2288645773822804,0.031185245513916014,0.021684014348966794,100,63,5,0.36869450645195734,4.281332398719387,"{'model__min_samples_leaf': 100, 'model__max_leaf_nodes': 63, 'model__max_depth': 5, 'model__learning_rate': 0.36869450645195734, 'model__l2_regularization': 4.281332398719387}",0.4977876106194691,0.557142857142857,0.5195094760312152,0.4658603199375732,0.5107000362713094,0.5102000600004848,0.029700581998127123,4,0.922915940006976,0.8923665449487046,0.8858221278603444,0.6168122270742358,0.6207046857973121,0.7877243051375146,0.13853263224727563
0.32408699989318845,0.22902232636856426,0.026837539672851563,0.014664375828601138,50,63,5,0.21544346900318823,0.026366508987303555,"{'model__min_samples_leaf': 50, 'model__max_leaf_nodes': 63, 'model__max_depth': 5, 'model__learning_rate': 0.21544346900318823, 'model__l2_regularization': 0.026366508987303555}",0.5801191596111634,0.517629407351838,0.50202131569276,0.4655436447166922,0.47761194029850745,0.5085850935341922,0.04013454357323353,5,0.9218422889043965,0.8905058905058906,0.8848656963672938,0.6251254447586898,0.607182856716195,0.7859044354504932,0.13928760326515727
0.5967036247253418,0.31391180071520497,0.04720029830932617,0.03068008239174448,50,127,8,0.03285993247600654,0.002069138081114788,"{'model__min_samples_leaf': 50, 'model__max_leaf_nodes': 127, 'model__max_depth': 8, 'model__learning_rate': 0.03285993247600654, 'model__l2_regularization': 0.002069138081114788}",0.5805391190006575,0.5170278637770898,0.47267007471490363,0.4795497185741089,0.4798785117691724,0.5059330575671863,0.040424015359303136,6,0.814994793474488,0.7943485086342228,0.7880668257756562,0.6610107644590404,0.6648723357823526,0.7446586456251519,0.06732510608388764
0.24429879188537598,0.16609285051001788,0.018957042694091798,0.013198239866270446,50,63,3,0.6309573444801932,0.004832930238571752,"{'model__min_samples_leaf': 50, 'model__max_leaf_nodes': 63, 'model__max_depth': 3, 'model__learning_rate': 0.6309573444801932, 'model__l2_regularization': 0.004832930238571752}",0.5651886168100596,0.5267428992991516,0.4122996968384582,0.47909339585775695,0.5301800211789623,0.5027009259968778,0.05285362119681056,7,0.9182960893854748,0.8739084876004191,0.85480232696189,0.5995623632385121,0.5914277355178468,0.7675994005408286,0.1420481368120614
0.21789355278015138,0.11747695786030769,0.01404876708984375,0.008796259299695505,100,127,2,0.16468978654828673,0.3359818286283781,"{'model__min_samples_leaf': 100, 'model__max_leaf_nodes': 127, 'model__max_depth': 2, 'model__learning_rate': 0.16468978654828673, 'model__l2_regularization': 0.3359818286283781}",0.5439540724793686,0.5424242424242424,0.4625302175664786,0.4941605839416058,0.45763373682155406,0.5001405706466499,0.037322008690537485,8,0.6934534118462071,0.6892416225749559,0.654796511627907,0.5785228817399184,0.5630308952867775,0.6358090646151532,0.05498509041747352
0.2731955051422119,0.12980801271067455,0.024998807907104494,0.018277122720307813,50,15,3,0.09623506263980883,6.951927961775606e-05,"{'model__min_samples_leaf': 50, 'model__max_leaf_nodes': 15, 'model__max_depth': 3, 'model__learning_rate': 0.09623506263980883, 'model__l2_regularization': 6.951927961775606e-05}",0.5777038269550748,0.5231247570928876,0.4774346793349169,0.45369237046103633,0.46718146718146714,0.4998274202050766,0.04539413297274932,9,0.7590277777777779,0.7268258426966292,0.6930573938154253,0.5927415668708291,0.5646668676514923,0.6672638897624308,0.07578029795079087
0.4036997318267822,0.18210458836355495,0.019349431991577147,0.004217270330571798,20,127,2,0.001711328304161781,1e-06,"{'model__min_samples_leaf': 20, 'model__max_leaf_nodes': 127, 'model__max_depth': 2, 'model__learning_rate': 0.001711328304161781, 'model__l2_regularization': 1e-06}",0.567598621217924,0.5614973262032086,0.5256140350877192,0.48096494534489265,0.35761589403973515,0.4986581643786959,0.07698589200085555,10,0.575240919199407,0.5961643835616438,0.5771593330826126,0.5517757009345795,0.5236790606653621,0.564803879488721,0.02492410241847735
0.4179245948791504,0.15710728522153547,0.025435495376586913,0.0056515204381531415,100,31,2,0.001,0.0008858667904100823,"{'model__min_samples_leaf': 100, 'model__max_leaf_nodes': 31, 'model__max_depth': 2, 'model__learning_rate': 0.001, 'model__l2_regularization': 0.0008858667904100823}",0.5655172413793104,0.5627376425855513,0.524497708847374,0.4987221613727639,0.34040632054176073,0.4983762149453521,0.08280972220576023,11,0.574712643678161,0.5976298997265269,0.5708486616770265,0.5497648165569143,0.49691586479151245,0.5579743772860283,0.03409990045683755
0.21162838935852052,0.1261502432278538,0.021343231201171875,0.015104970624503103,100,15,3,0.36869450645195734,0.000379269019073225,"{'model__min_samples_leaf': 100, 'model__max_leaf_nodes': 15, 'model__max_depth': 3, 'model__learning_rate': 0.36869450645195734, 'model__l2_regularization': 0.000379269019073225}",0.48597422289613346,0.5505865102639296,0.4393630053082891,0.48252016903572803,0.5260196905766525,0.49689271961614656,0.0383845161507018,12,0.8241415192507805,0.796815507095881,0.777711347602535,0.5976160375654687,0.6034709056438675,0.7199510634317066,0.09862406392261198
0.4480265140533447,0.13208748710796045,0.035178089141845705,0.020650808955351183,50,15,5,0.01467799267622069,0.0008858667904100823,"{'model__min_samples_leaf': 50, 'model__max_leaf_nodes': 15, 'model__max_depth': 5, 'model__learning_rate': 0.01467799267622069, 'model__l2_regularization': 0.0008858667904100823}",0.5107716412064238,0.5638930163447251,0.5001874765654293,0.45996860282574575,0.44626807346619773,0.49621776208170437,0.04151261738260711,13,0.7027777777777777,0.6842291371994343,0.6499818643453028,0.5981445760999358,0.5661995558618578,0.6402665822568616,0.0513710624968439
0.44325504302978513,0.19039540223642812,0.02208247184753418,0.0057562861129478735,20,63,2,0.00223872113856834,1.274274985703132e-05,"{'model__min_samples_leaf': 20, 'model__max_leaf_nodes': 63, 'model__max_depth': 2, 'model__learning_rate': 0.00223872113856834, 'model__l2_regularization': 1.274274985703132e-05}",0.5617283950617283,0.5603382013835512,0.5252808988764045,0.4749904543718977,0.3560070671378092,0.4956690033662781,0.07662358850728766,14,0.5784023668639053,0.5966386554621848,0.5772266065388951,0.5526783210245862,0.5233732675593141,0.5656638434897772,0.025347674646931617
0.6137068271636963,0.38269969135512216,0.04455752372741699,0.029876419891088385,10,31,8,0.042986623470822743,10.0,"{'model__min_samples_leaf': 10, 'model__max_leaf_nodes': 31, 'model__max_depth': 8, 'model__learning_rate': 0.042986623470822743, 'model__l2_regularization': 10.0}",0.52985884907709,0.5390713476783693,0.4747514910536779,0.47324159021406725,0.4600614439324117,0.4953969443911233,0.03243691857118581,15,0.8602002071108044,0.8087469628601179,0.7846043509442983,0.6266896489159032,0.5987366521281395,0.7357955643918527,0.10379784731485049
1.7111188411712646,0.6284703355516962,0.0582888126373291,0.021473850221077423,10,127,8,0.0029286445646252374,1.274274985703132e-05,"{'model__min_samples_leaf': 10, 'model__max_leaf_nodes': 127, 'model__max_depth': 8, 'model__learning_rate': 0.0029286445646252374, 'model__l2_regularization': 1.274274985703132e-05}",0.5328823750469748,0.546205860255447,0.4647435897435898,0.4632214258770275,0.4677603967951163,0.49496272954363113,0.036672691845345655,16,0.7912238601302707,0.7378675168260715,0.7294709121378982,0.6505065808162106,0.6569397126351653,0.7132017165091232,0.053021951013496035
0.4466231346130371,0.203395811000896,0.0327181339263916,0.016886935628303516,50,127,5,0.019201419386388013,0.002069138081114788,"{'model__min_samples_leaf': 50, 'model__max_leaf_nodes': 127, 'model__max_depth': 5, 'model__learning_rate': 0.019201419386388013, 'model__l2_regularization': 0.002069138081114788}",0.5470459518599563,0.54903445664521,0.4663253249310752,0.4528605962933119,0.45893909626719054,0.49484108519934883,0.0436502748066338,17,0.724006908462867,0.704042179261863,0.6758068429992721,0.6127188940092165,0.5946674655482326,0.6622484580562903,0.050527258770212614
0.43437900543212893,0.2637606993268985,0.03779106140136719,0.02638743470011045,100,15,8,0.05623413251903488,1e-06,"{'model__min_samples_leaf': 100, 'model__max_leaf_nodes': 15, 'model__max_depth': 8, 'model__learning_rate': 0.05623413251903488, 'model__l2_regularization': 1e-06}",0.5545235638114895,0.542624166048925,0.4469727752945957,0.4770992366412214,0.44418331374853115,0.49308061110895257,0.04690859796542905,18,0.7920110192837466,0.7538300835654596,0.7382534122478559,0.6036250457707799,0.5736387077203093,0.6922716537176303,0.08692951216115198
1.6213274002075195,1.3605602101989502,0.06311397552490235,0.049602913131377054,20,127,,0.36869450645195734,1.8329807108324339,"{'model__min_samples_leaf': 20, 'model__max_leaf_nodes': 127, 'model__max_depth': None, 'model__learning_rate': 0.36869450645195734, 'model__l2_regularization': 1.8329807108324339}",0.41652470187393525,0.5488611315209404,0.46506024096385545,0.5075284612559676,0.5127458120903132,0.49014406954100237,0.04540871934090866,19,1.0,1.0,1.0,0.7856697264058462,0.7531853972798853,0.9077710247371463,0.11342309721097593
0.19727654457092286,0.1068849385319587,0.01732664108276367,0.012524993334286963,100,127,2,0.0735642254459641,5.455594781168514e-06,"{'model__min_samples_leaf': 100, 'model__max_leaf_nodes': 127, 'model__max_depth': 2, 'model__learning_rate': 0.0735642254459641, 'model__l2_regularization': 5.455594781168514e-06}",0.5435591958302308,0.548959136468774,0.47141190198366395,0.49692140528793916,0.3891213389121339,0.48999459569654835,0.05816303738113655,20,0.6568317527221637,0.6588402703664176,0.6326086956521738,0.5714546950717747,0.5438503080550696,0.6127171443735199,0.04672118598724475
0.5424472332000733,0.11872722878126199,0.02844538688659668,0.011571397305257615,20,31,5,0.008576958985908937,0.14384498882876628,"{'model__min_samples_leaf': 20, 'model__max_leaf_nodes': 31, 'model__max_depth': 5, 'model__learning_rate': 0.008576958985908937, 'model__l2_regularization': 0.14384498882876628}",0.4344299233889139,0.5522388059701493,0.49150622876557193,0.4897502795378308,0.48,0.48958504753249327,0.037585030373285276,21,0.7088520055325036,0.6841359773371105,0.6653051417587698,0.6143621930958095,0.5845991082898814,0.6514508852028149,0.04560674390103702
0.3196125507354736,0.08257104580531253,0.01674761772155762,0.0036720762824448585,100,127,2,0.003831186849557285,0.002069138081114788,"{'model__min_samples_leaf': 100, 'model__max_leaf_nodes': 127, 'model__max_depth': 2, 'model__learning_rate': 0.003831186849557285, 'model__l2_regularization': 0.002069138081114788}",0.5231023102310232,0.5605192821687667,0.5180467091295117,0.4825515947467167,0.35723713154421466,0.4882914055640466,0.07003172352572357,22,0.5812407680945347,0.6028291621327531,0.5831784962219745,0.5591457753017641,0.523854215548256,0.5700496834598564,0.026925886394330616
1.9031424522399902,0.7613921306656698,0.07692813873291016,0.013847135281556225,50,127,8,0.0013081774742601943,10.0,"{'model__min_samples_leaf': 50, 'model__max_leaf_nodes': 127, 'model__max_depth': 8, 'model__learning_rate': 0.0013081774742601943, 'model__l2_regularization': 10.0}",0.39834786599357497,0.5670665212649946,0.4513776337115073,0.5086083213773314,0.49718362748779565,0.4845167939670407,0.056707311577799395,23,0.6662211827597728,0.6691793729655644,0.6440718851766976,0.6210268948655256,0.6403940886699507,0.6481786848875022,0.01778339716002227
0.5152318954467774,0.17083982188292732,0.027169227600097656,0.003984783970415227,20,15,3,0.003831186849557285,2.335721469090121e-06,"{'model__min_samples_leaf': 20, 'model__max_leaf_nodes': 15, 'model__max_depth': 3, 'model__learning_rate': 0.003831186849557285, 'model__l2_regularization': 2.335721469090121e-06}",0.4923857868020305,0.5587683064213292,0.5136494252873564,0.4114832535885168,0.4234918098282061,0.47995571638548784,0.055457818066479495,24,0.601685599120557,0.610175629187036,0.6059802266698818,0.571695644045616,0.5416601775424388,0.586239455313106,0.026077025462052383
0.25374617576599123,0.08208318679983248,0.019620752334594725,0.011727340884871871,100,63,2,0.01122018454301963,2.335721469090121e-06,"{'model__min_samples_leaf': 100, 'model__max_leaf_nodes': 63, 'model__max_depth': 2, 'model__learning_rate': 0.01122018454301963, 'model__l2_regularization': 2.335721469090121e-06}",0.4519874944171505,0.5756676557863502,0.5239929947460595,0.4877323420074349,0.35723713154421466,0.47932352370024195,0.07348551871342175,25,0.6173015307938768,0.6105717367853288,0.5981990752007789,0.5600222304557244,0.523854215548256,0.5819897577567931,0.035182115728915095
0.49944272041320803,0.1531003315607475,0.0364952564239502,0.01662966665819121,20,15,5,0.01122018454301963,1e-06,"{'model__min_samples_leaf': 20, 'model__max_leaf_nodes': 15, 'model__max_depth': 5, 'model__learning_rate': 0.01122018454301963, 'model__l2_regularization': 1e-06}",0.4076492537313433,0.5586592178770949,0.5059435364041605,0.4307192198293377,0.4232,0.4652342455683873,0.05772290342381872,26,0.7097442985487216,0.6753246753246753,0.652116242614253,0.6073924236851784,0.559429722609639,0.6408014725564934,0.052555713376429294
1.0939407825469971,0.8212270797131656,0.059152078628540036,0.04608987014807571,20,63,,0.36869450645195734,0.002069138081114788,"{'model__min_samples_leaf': 20, 'model__max_leaf_nodes': 63, 'model__max_depth': None, 'model__learning_rate': 0.36869450645195734, 'model__l2_regularization': 0.002069138081114788}",0.37940379403794033,0.5409174311926604,0.40648269820411737,0.4623739332816137,0.5287040220006874,0.4635763757434039,0.06413954561550264,27,1.0,1.0,1.0,0.7308564451421595,0.6829736919893585,0.8827660274263037,0.14437791483833148
0.2881826877593994,0.043910298613565074,0.015176916122436523,0.004961787884912242,50,31,2,0.005011872336272725,0.000379269019073225,"{'model__min_samples_leaf': 50, 'model__max_leaf_nodes': 31, 'model__max_depth': 2, 'model__learning_rate': 0.005011872336272725, 'model__l2_regularization': 0.000379269019073225}",0.5282865282865282,0.5690566037735849,0.5240418118466899,0.32121807465618857,0.35723713154421466,0.45996803002144127,0.10047723250733072,28,0.582933136313262,0.6031114327062228,0.5919413919413918,0.5581872435658336,0.5240591503012284,0.5720464709655877,0.028192979053782194
0.5933027267456055,0.40395966261070076,0.039736700057983396,0.029042197702728197,20,31,,0.2818382931264452,1e-06,"{'model__min_samples_leaf': 20, 'model__max_leaf_nodes': 31, 'model__max_depth': None, 'model__learning_rate': 0.2818382931264452, 'model__l2_regularization': 1e-06}",0.37238873751135326,0.5460526315789475,0.45845042151746285,0.4514081713605712,0.4544397053121365,0.45654793345609423,0.05500607691747811,29,1.0,1.0,0.9974087161366313,0.6655948553054661,0.6417987467747881,0.8609604636433771,0.16939993507142898
0.6303744792938233,0.42145476923619973,0.038232612609863284,0.02836791060766346,10,31,,0.0735642254459641,6.951927961775606e-05,"{'model__min_samples_leaf': 10, 'model__max_leaf_nodes': 31, 'model__max_depth': None, 'model__learning_rate': 0.0735642254459641, 'model__l2_regularization': 6.951927961775606e-05}",0.4123886296139159,0.5484340859431901,0.4450915141430949,0.4502784407319014,0.42565359477124187,0.4563692530406689,0.04799576178481119,30,0.9982716902868993,0.9619555861594078,0.9462010382255782,0.6700342774670756,0.6048765479578494,0.8362678280193622,0.16450136319182215
0.3602027416229248,0.2483848708879484,0.025617647171020507,0.01770249244296057,10,15,5,0.16468978654828673,0.0008858667904100823,"{'model__min_samples_leaf': 10, 'model__max_leaf_nodes': 15, 'model__max_depth': 5, 'model__learning_rate': 0.16468978654828673, 'model__l2_regularization': 0.0008858667904100823}",0.38951649344780837,0.5346097201767306,0.4547300040600894,0.4258957654723127,0.4618919954040598,0.4533287957122002,0.04797178655007595,31,0.9847961299239808,0.934119278779473,0.9077963688145247,0.6125726945444475,0.6095717884130983,0.8097712520951049,0.16411712857943142
0.22507834434509277,0.13624552204431808,0.018318843841552735,0.01276033548325321,10,63,3,0.12589254117941662,0.061584821106602544,"{'model__min_samples_leaf': 10, 'model__max_leaf_nodes': 63, 'model__max_depth': 3, 'model__learning_rate': 0.12589254117941662, 'model__l2_regularization': 0.061584821106602544}",0.37896645512239346,0.5219062259800153,0.4236999147485081,0.4729996058336618,0.4595744680851064,0.45142933395393703,0.047996669981699484,32,0.8357588357588358,0.7878257827531921,0.7448955080470814,0.5985909049318329,0.5702018680325399,0.7074545799046964,0.10489322386371794
0.2767301559448242,0.0747715748488047,0.017315244674682616,0.006429732143688301,10,31,2,0.01122018454301963,0.3359818286283781,"{'model__min_samples_leaf': 10, 'model__max_leaf_nodes': 31, 'model__max_depth': 2, 'model__learning_rate': 0.01122018454301963, 'model__l2_regularization': 0.3359818286283781}",0.4060865430337613,0.5795620437956205,0.5311203319502075,0.3214110730034297,0.3916839916839917,0.44597279669340206,0.09502631245146209,33,0.6075581395348836,0.6110711718188353,0.6017463012369634,0.5572148590629084,0.5409911287855614,0.5837163200878304,0.028877568790603467
0.5012079238891601,0.21221301881751048,0.03249034881591797,0.015653375013866915,10,127,5,0.01467799267622069,1e-06,"{'model__min_samples_leaf': 10, 'model__max_leaf_nodes': 127, 'model__max_depth': 5, 'model__learning_rate': 0.01467799267622069, 'model__l2_regularization': 1e-06}",0.28781512605042014,0.5530956848030018,0.4452705493597687,0.4614782948768088,0.4772382397572079,0.44497957896944146,0.08683624944472108,34,0.7655869035179379,0.7237519985787884,0.6956731931351221,0.6276165993389643,0.5884044807750529,0.6802066350691731,0.06421612061331818
0.25759315490722656,0.15184830704195137,0.01851515769958496,0.012629181045956362,10,31,3,0.16468978654828673,2.335721469090121e-06,"{'model__min_samples_leaf': 10, 'model__max_leaf_nodes': 31, 'model__max_depth': 3, 'model__learning_rate': 0.16468978654828673, 'model__l2_regularization': 2.335721469090121e-06}",0.36866791744840527,0.529500756429652,0.35850773430391264,0.44857496902106564,0.4689863842662632,0.4348475522938598,0.06406347282286572,35,0.865218890037918,0.8120195667365478,0.776004799040192,0.6043755697356427,0.5669196663410235,0.7249076983782649,0.11779204906274436
