mean_fit_time,std_fit_time,mean_score_time,std_score_time,param_model__min_samples_leaf,param_model__max_leaf_nodes,param_model__max_depth,param_model__learning_rate,param_model__l2_regularization,params,split0_test_f1,split1_test_f1,split2_test_f1,split3_test_f1,split4_test_f1,mean_test_f1,std_test_f1,rank_test_f1,split0_train_f1,split1_train_f1,split2_train_f1,split3_train_f1,split4_train_f1,mean_train_f1,std_train_f1,split0_test_accuracy,split1_test_accuracy,split2_test_accuracy,split3_test_accuracy,split4_test_accuracy,mean_test_accuracy,std_test_accuracy,rank_test_accuracy,split0_train_accuracy,split1_train_accuracy,split2_train_accuracy,split3_train_accuracy,split4_train_accuracy,mean_train_accuracy,std_train_accuracy,generalization_gap_f1,worst_fold_f1,stability_ratio_f1,generalization_gap_accuracy,worst_fold_accuracy,stability_ratio_accuracy
0.30977616310119627,0.09623564518233778,0.019597768783569336,0.00511922834216177,100,31,2,0.001,0.0008858667904100823,"{'model__min_samples_leaf': 100, 'model__max_leaf_nodes': 31, 'model__max_depth': 2, 'model__learning_rate': 0.001, 'model__l2_regularization': 0.0008858667904100823}",0.6375379939209727,0.5737641105488517,0.6016493366798136,0.6847888953152111,0.7013135351227869,0.6398107743175271,0.048227053825486456,1,0.6767241379310344,0.6518745218056619,0.6425262131187516,0.661514945652174,0.6631960461285008,0.6591671729272245,0.01148995369801831,0.5804749340369393,0.5184696569920845,0.5114335971855761,0.5206684256816183,0.5400175901495162,0.5342128408091469,0.02499627709331173,2,0.6049165935030729,0.6001757469244289,0.5704658658072077,0.5619780219780219,0.5506418146650255,0.5776356085755514,0.021342633926062126,0.0193563986096974,0.5737641105488517,0.07537705796988063,0.043422767766404524,0.5114335971855761,0.046790857845069866
1.6372132778167725,0.6043404964568461,0.05976767539978027,0.00953280325972796,50,127,8,0.0013081774742601943,10.0,"{'model__min_samples_leaf': 50, 'model__max_leaf_nodes': 127, 'model__max_depth': 8, 'model__learning_rate': 0.0013081774742601943, 'model__l2_regularization': 10.0}",0.6489016924738926,0.5703971119133574,0.675759454432734,0.621472814865795,0.6438082556591211,0.63206786586898,0.03534319278454652,2,0.7330063069376315,0.7039297977871042,0.7022747266557748,0.7053465707259312,0.6966821361778762,0.7082479076568635,0.012723899755624912,0.5712401055408971,0.5290237467018469,0.5400175901495162,0.5162708883025505,0.5294635004397538,0.5372031662269129,0.018608599137208935,1,0.6654960491659351,0.6590509666080844,0.6529446234983886,0.6445054945054945,0.6149991208018287,0.6473992509159462,0.017619023810212048,0.07618004178788351,0.5703971119133574,0.05591676889942185,0.1101960846890333,0.5162708883025505,0.03463977933694591
0.2902846813201904,0.08011127566474918,0.019703483581542967,0.005498928779617761,20,127,2,0.001711328304161781,1e-06,"{'model__min_samples_leaf': 20, 'model__max_leaf_nodes': 127, 'model__max_depth': 2, 'model__learning_rate': 0.001711328304161781, 'model__l2_regularization': 1e-06}",0.6310491676345334,0.5657842749901225,0.5864381520119225,0.6447326795317937,0.7013135351227869,0.6258635618582318,0.0474120580164963,3,0.6686346863468635,0.6430379746835443,0.626663254861822,0.6412103746397694,0.6598462052825143,0.6478784991629027,0.014778541530386727,0.5809146877748461,0.5167106420404574,0.5118733509234829,0.5061565523306948,0.5400175901495162,0.5311345646437994,0.027422304051402776,8,0.6057945566286216,0.5973198594024605,0.5725168473483738,0.5621978021978022,0.5527518902760682,0.5781161911706653,0.02031240166294625,0.022014937304670967,0.5657842749901225,0.0757546227419386,0.04698162652686588,0.5061565523306948,0.051629673300952084
0.2587110996246338,0.0677554778084867,0.020959138870239258,0.0047389155171400224,20,63,2,0.00223872113856834,1.274274985703132e-05,"{'model__min_samples_leaf': 20, 'model__max_leaf_nodes': 63, 'model__max_depth': 2, 'model__learning_rate': 0.00223872113856834, 'model__l2_regularization': 1.274274985703132e-05}",0.6135717188134905,0.5552430695058256,0.5865277260885745,0.6338939197930142,0.7013135351227869,0.6181099938647383,0.04927930062869084,4,0.6623574144486692,0.6444314413887263,0.6253216675244466,0.6391284611892873,0.6598007088878486,0.6462079386877957,0.013675381065819864,0.5817941952506597,0.5131926121372031,0.5114335971855761,0.5021987686895338,0.5400175901495162,0.5297273526824978,0.028923095110601208,11,0.6101843722563652,0.5995166959578208,0.5733958394374451,0.5631868131868132,0.5527518902760682,0.5798071222229025,0.02172818175326647,0.028097944823057386,0.5552430695058256,0.07972577877372855,0.05007976954040472,0.5021987686895338,0.054599965367347784
0.24072980880737305,0.04971148876539466,0.01901521682739258,0.0071146205805216215,100,127,2,0.003831186849557285,0.002069138081114788,"{'model__min_samples_leaf': 100, 'model__max_leaf_nodes': 127, 'model__max_depth': 2, 'model__learning_rate': 0.003831186849557285, 'model__l2_regularization': 0.002069138081114788}",0.6062370062370063,0.5535353535353535,0.5911439114391144,0.6414610701698173,0.6972054163065399,0.6179165515375662,0.04866044209919632,5,0.6676864244741875,0.6440206595152961,0.6232147494157362,0.6393517253937904,0.6596270801309897,0.6467801277859999,0.015622037707932086,0.5835532102022867,0.5140721196130167,0.5127528583992964,0.5079155672823219,0.5378188214599824,0.5312225153913808,0.028144239226033405,6,0.6185250219490781,0.6063268892794376,0.5748608262525637,0.5647252747252747,0.5522243713733076,0.5833324767159322,0.025111627962480502,0.02886357624843372,0.5535353535353535,0.07874921294487774,0.05210996132455148,0.5079155672823219,0.052980132450331105
0.20637788772583007,0.07167603547690883,0.02164311408996582,0.00968785240687857,100,63,2,0.01122018454301963,2.335721469090121e-06,"{'model__min_samples_leaf': 100, 'model__max_leaf_nodes': 63, 'model__max_depth': 2, 'model__learning_rate': 0.01122018454301963, 'model__l2_regularization': 2.335721469090121e-06}",0.6047678795483062,0.5325493490130198,0.6246100519930675,0.6321243523316061,0.6892888757745648,0.616668101732113,0.05058325202298992,6,0.6800773694390715,0.6581129095933674,0.6304996755353667,0.6519959989087933,0.6590361445783133,0.6559444196109825,0.015872525990512306,0.5844327176781002,0.5105540897097626,0.5237467018469657,0.5004397537379067,0.5369393139841688,0.5312225153913808,0.029307532945869515,6,0.6369622475856014,0.6195079086115993,0.5829182537357164,0.5794505494505494,0.5521364515561807,0.5941950821879295,0.030276281587767188,0.03927631787886954,0.5325493490130198,0.08202670428535286,0.06297256679654872,0.5004397537379067,0.05516997509843318
0.21705198287963867,0.038922055849895096,0.013543415069580077,0.0034189170188275836,50,31,2,0.005011872336272725,0.000379269019073225,"{'model__min_samples_leaf': 50, 'model__max_leaf_nodes': 31, 'model__max_depth': 2, 'model__learning_rate': 0.005011872336272725, 'model__l2_regularization': 0.000379269019073225}",0.6054054054054054,0.5479787668436097,0.5926748057713651,0.6459667093469911,0.6906643254316652,0.6165380025598073,0.04848611390496092,7,0.6687140115163147,0.6453280318091452,0.6219385096404377,0.6448623603161625,0.6589904940420405,0.6479666814648202,0.015786330531965313,0.5826737027264732,0.5131926121372031,0.5158311345646438,0.51363236587511,0.5351802990325418,0.5321020228671944,0.026572190115436004,4,0.6211589113257243,0.6080843585237259,0.5748608262525637,0.5704395604395605,0.5521364515561807,0.5853360216195511,0.025434669193298547,0.031428678905012886,0.5479787668436097,0.07864253898973166,0.05323399875235668,0.5131926121372031,0.049938149026860716
0.22218217849731445,0.06880612424316562,0.015668106079101563,0.005529996206776295,10,31,2,0.01122018454301963,0.3359818286283781,"{'model__min_samples_leaf': 10, 'model__max_leaf_nodes': 31, 'model__max_depth': 2, 'model__learning_rate': 0.01122018454301963, 'model__l2_regularization': 0.3359818286283781}",0.6024298282362799,0.49508489722966936,0.6403479424556708,0.6441756842775302,0.6892888757745648,0.614265445594743,0.0656468111081777,8,0.6850058117008911,0.6593406593406593,0.6322747893713545,0.6533951458958277,0.6589432799839282,0.6577919372585322,0.016821270480595202,0.5826737027264732,0.5030782761653474,0.5272647317502199,0.5083553210202286,0.5369393139841688,0.5316622691292876,0.028318228683876946,5,0.6431079894644425,0.6186291739894552,0.584383240550835,0.580989010989011,0.5522243713733076,0.5958667572734103,0.031647236756329925,0.04352649166378919,0.49508489722966936,0.10687042805186162,0.06420448814412272,0.5030782761653474,0.05326356660639882
0.17802872657775878,0.06808167385224816,0.01637420654296875,0.004869696560161935,100,127,2,0.0735642254459641,5.455594781168514e-06,"{'model__min_samples_leaf': 100, 'model__max_leaf_nodes': 127, 'model__max_depth': 2, 'model__learning_rate': 0.0735642254459641, 'model__l2_regularization': 5.455594781168514e-06}",0.5883838383838385,0.4512971120900636,0.6480813381436537,0.6166551961459051,0.6685032139577594,0.5945841397442441,0.07665862943046137,9,0.7480190174326466,0.6855384615384614,0.6681715575620767,0.6730493058879846,0.6493112947658402,0.6848179274374019,0.03367853913948933,0.5699208443271768,0.5070360598065083,0.5281442392260334,0.5101143359718557,0.5237467018469657,0.527792436235708,0.022515047820597843,14,0.7208077260755048,0.6632249560632689,0.6338997949018459,0.6247252747252747,0.5523122911904343,0.6389940085912658,0.05481585736772054,0.09023378769315782,0.4512971120900636,0.12892814373325784,0.11120157235555772,0.5070360598065083,0.04265890580239918
0.32899699211120603,0.09066416729469186,0.019701147079467775,0.006313474589968563,20,15,3,0.003831186849557285,2.335721469090121e-06,"{'model__min_samples_leaf': 20, 'model__max_leaf_nodes': 15, 'model__max_depth': 3, 'model__learning_rate': 0.003831186849557285, 'model__l2_regularization': 2.335721469090121e-06}",0.6030820491461891,0.407235142118863,0.6443433029908973,0.6350129198966408,0.6741641337386018,0.5927675095782383,0.09549743104963444,10,0.6921887084300077,0.6508899676375405,0.6407051703723194,0.6618460989109087,0.6694521819870008,0.6630164254675555,0.01754225642781443,0.5809146877748461,0.49560246262093227,0.5189094107299912,0.5030782761653474,0.5285839929639402,0.5254177660510114,0.03006758097901997,15,0.6505706760316067,0.6208260105448155,0.5999121007910929,0.5837362637362637,0.5618076314401266,0.6033705365087811,0.030520443206027845,0.07024891588931714,0.407235142118863,0.16110436133313394,0.07795277045776972,0.49560246262093227,0.05722604548568079
0.3987418174743652,0.15557805788767448,0.033502197265625,0.012931976761939284,50,15,5,0.01467799267622069,0.0008858667904100823,"{'model__min_samples_leaf': 50, 'model__max_leaf_nodes': 15, 'model__max_depth': 5, 'model__learning_rate': 0.01467799267622069, 'model__l2_regularization': 0.0008858667904100823}",0.5844709897610921,0.41332639250390424,0.6733668341708543,0.6074074074074074,0.6728913787737317,0.590292600523398,0.09525516575168344,11,0.7916172400158165,0.7178759627077421,0.7080042127435493,0.7099763593380616,0.6748582230623819,0.7204663995735102,0.038508713996181373,0.5716798592788038,0.5043975373790677,0.5426561125769569,0.5105540897097626,0.5378188214599824,0.5334212840809147,0.024222408714020063,3,0.7686567164179104,0.6942003514938488,0.6750659244066803,0.662967032967033,0.5765781607174257,0.6754936372005795,0.061596543293681666,0.13017379905011217,0.41332639250390424,0.1613694050496703,0.14207235311966482,0.5043975373790677,0.045409527960166216
0.43152556419372556,0.18975296033629974,0.029570579528808594,0.010349753275908037,20,15,5,0.01122018454301963,1e-06,"{'model__min_samples_leaf': 20, 'model__max_leaf_nodes': 15, 'model__max_depth': 5, 'model__learning_rate': 0.01122018454301963, 'model__l2_regularization': 1e-06}",0.5906996229576875,0.3373772385904102,0.6641414141414141,0.6237521514629949,0.6738131699846861,0.5779567194274385,0.1238986283232335,12,0.8025326474079937,0.7198703666194045,0.7119622245540399,0.7090824406148114,0.6770607196894941,0.7241016797771487,0.041845230405978685,0.5703605980650835,0.49560246262093227,0.5321020228671943,0.519349164467898,0.5316622691292876,0.5298153034300792,0.02421825685768966,10,0.7809482001755926,0.6961775043936731,0.6782888953999414,0.6568131868131868,0.5684016177246352,0.6761258809014058,0.06836952813108974,0.14614496034971014,0.3373772385904102,0.21437354071421738,0.14631057747132659,0.49560246262093227,0.045710753730400296
0.409986686706543,0.1815817642693669,0.029601001739501955,0.011833013984427586,50,127,5,0.019201419386388013,0.002069138081114788,"{'model__min_samples_leaf': 50, 'model__max_leaf_nodes': 127, 'model__max_depth': 5, 'model__learning_rate': 0.019201419386388013, 'model__l2_regularization': 0.002069138081114788}",0.5806451612903226,0.3917970858067997,0.6605271514766592,0.6016612495485736,0.633850303438975,0.573696190312266,0.0949481438453937,13,0.807478122513922,0.7468997763773125,0.7349074322511403,0.7289430422589691,0.6816882232811436,0.7399833193364975,0.04037166433455907,0.5712401055408971,0.5043975373790677,0.5299032541776605,0.5149516270888302,0.5224274406332454,0.5285839929639402,0.02293474900686949,12,0.7875329236172081,0.726493848857645,0.710518605332552,0.6919780219780219,0.588886935115175,0.7010820669801203,0.06462072233757034,0.16628712902423148,0.3917970858067997,0.16550248275783894,0.17249807401618011,0.5043975373790677,0.04338903431083296
0.5501340389251709,0.20619101875532192,0.032679080963134766,0.013273766900011561,20,31,5,0.008576958985908937,0.14384498882876628,"{'model__min_samples_leaf': 20, 'model__max_leaf_nodes': 31, 'model__max_depth': 5, 'model__learning_rate': 0.008576958985908937, 'model__l2_regularization': 0.14384498882876628}",0.5894736842105264,0.3578238923163208,0.6486133768352367,0.6252147028512539,0.6430697982136949,0.5728390908854065,0.10947652232568483,14,0.8060055314105097,0.728410008071025,0.7171996315304645,0.7161694566538858,0.6826420473830697,0.730085335009791,0.040932240366930175,0.5712401055408971,0.49648197009674583,0.5263852242744064,0.5202286719437115,0.5255057167985928,0.5279683377308707,0.02421697922022959,13,0.7844600526777875,0.7043057996485061,0.6851743334309991,0.6664835164835164,0.5889748549323017,0.6858797114346221,0.06296803245604768,0.15724624412438448,0.3578238923163208,0.19111217105744804,0.1579113737037514,0.49648197009674583,0.045868241501584285
0.5603099346160889,0.24789642222325212,0.031724071502685545,0.013871878706344742,10,127,5,0.01467799267622069,1e-06,"{'model__min_samples_leaf': 10, 'model__max_leaf_nodes': 127, 'model__max_depth': 5, 'model__learning_rate': 0.01467799267622069, 'model__l2_regularization': 1e-06}",0.5756013745704467,0.3798024149286498,0.6458471760797342,0.5996316758747698,0.6611570247933884,0.5724079332493978,0.10111175950895546,15,0.8806151355726426,0.7668308702791461,0.7616115647169053,0.7474379848673497,0.6819082859785912,0.7676807682829271,0.06412241086348609,0.565523306948109,0.5030782761653474,0.5312225153913809,0.5219876868953386,0.5312225153913809,0.5306068601583113,0.020258476761847628,9,0.8705004389815628,0.7504393673110721,0.739085848227366,0.7102197802197803,0.5767540003516792,0.7293998870182921,0.09393027898703629,0.19527283503352932,0.3798024149286498,0.176642833957546,0.1987930268599808,0.5030782761653474,0.03817982442933989
0.19813156127929688,0.09431093873379985,0.01351480484008789,0.005824037070750586,100,127,2,0.16468978654828673,0.3359818286283781,"{'model__min_samples_leaf': 100, 'model__max_leaf_nodes': 127, 'model__max_depth': 2, 'model__learning_rate': 0.16468978654828673, 'model__l2_regularization': 0.3359818286283781}",0.5716723549488054,0.40084835630965004,0.6407506702412868,0.604951560818084,0.6307026307026307,0.5697851146040914,0.08778031985927884,16,0.7872255489021955,0.7205303501139425,0.7045362767532642,0.6935215132804078,0.6436878240156929,0.7099003026131007,0.04641836158026529,0.5584872471416007,0.5030782761653474,0.5285839929639402,0.5158311345646438,0.5123131046613896,0.5236587510993843,0.019239716038489257,18,0.7660228270412642,0.703646748681898,0.6784353940814533,0.6563736263736264,0.552839810093195,0.6714636812542872,0.06974972290454226,0.14011518800900924,0.40084835630965004,0.15405864001953082,0.14780493015490292,0.5030782761653474,0.036740942451733774
0.8085980415344238,0.3615161908255813,0.047794342041015625,0.02363123191114817,10,31,8,0.042986623470822743,10.0,"{'model__min_samples_leaf': 10, 'model__max_leaf_nodes': 31, 'model__max_depth': 8, 'model__learning_rate': 0.042986623470822743, 'model__l2_regularization': 10.0}",0.5717905405405406,0.452626411389298,0.6348448687350835,0.5686876438986953,0.6202838352371063,0.5696466599601447,0.06405339094665029,17,0.952965235173824,0.8877721943048575,0.855492919015537,0.8272177419354839,0.6878998609179415,0.8422695902695289,0.08781280165927077,0.554089709762533,0.509674582233949,0.5290237467018469,0.5057167985927881,0.5175901495162709,0.5232189973614776,0.017367544846657087,19,0.9495171202809481,0.8822495606326889,0.8460298857310284,0.8116483516483517,0.6054158607350096,0.8189721558056053,0.11613618534449065,0.2726229303093841,0.452626411389298,0.11244407357910564,0.29575315844412775,0.5057167985927881,0.033193643453772244
2.003797245025635,0.8438608187449448,0.056404924392700194,0.0294604521230778,10,127,8,0.0029286445646252374,1.274274985703132e-05,"{'model__min_samples_leaf': 10, 'model__max_leaf_nodes': 127, 'model__max_depth': 8, 'model__learning_rate': 0.0029286445646252374, 'model__l2_regularization': 1.274274985703132e-05}",0.5971252566735114,0.3593406593406593,0.597459165154265,0.6114605171208944,0.6553273427471118,0.5641425882072884,0.10458998675138009,18,0.8760852407261247,0.8007283026502123,0.797609345286607,0.7737435505446207,0.7110501925461784,0.7918433263507485,0.05303587893121822,0.5686015831134564,0.4872471416007036,0.5123131046613896,0.5109938434476693,0.5277044854881267,0.521372031662269,0.02692585958693176,21,0.8621597892888498,0.7836115992970123,0.7817169645473191,0.7397802197802198,0.6107789695797433,0.755609508498629,0.08251682261424723,0.22770073814346015,0.3593406593406593,0.18539636775826893,0.23423747683635998,0.4872471416007036,0.05164423473404423
0.6971407413482666,0.34665908852027083,0.04873471260070801,0.02236458803836892,50,127,8,0.03285993247600654,0.002069138081114788,"{'model__min_samples_leaf': 50, 'model__max_leaf_nodes': 127, 'model__max_depth': 8, 'model__learning_rate': 0.03285993247600654, 'model__l2_regularization': 0.002069138081114788}",0.5588874402433726,0.4094165813715455,0.6450100468854656,0.5709828393135725,0.5917159763313609,0.5552025768290634,0.07863175108713719,19,0.9126213592233009,0.8737215612606971,0.8573804573804573,0.8521650534895568,0.6959907701182578,0.838375840294454,0.07427858796698171,0.5536499560246262,0.4925241864555849,0.5338610378188214,0.5162708883025505,0.5145118733509235,0.5221635883905014,0.02049384529244006,20,0.9051799824407375,0.867091388400703,0.8492528567242895,0.8405494505494505,0.6293300509934939,0.8182807458217349,0.0970479140363383,0.2831732634653906,0.4094165813715455,0.14162713641609492,0.29611715743123357,0.4925241864555849,0.039247940201287426
0.6533573150634766,0.3083827602742916,0.051408910751342775,0.022014478459793974,50,63,8,0.042986623470822743,4.281332398719387,"{'model__min_samples_leaf': 50, 'model__max_leaf_nodes': 63, 'model__max_depth': 8, 'model__learning_rate': 0.042986623470822743, 'model__l2_regularization': 4.281332398719387}",0.5607961921246213,0.40963855421686746,0.6452268111035884,0.5760743321718932,0.5660522273425499,0.551557623391904,0.07721586964788209,20,0.9202603742880391,0.8876804015896257,0.86636199972303,0.8525425456027719,0.7086556169429097,0.8471001876292753,0.07289266423309256,0.5536499560246262,0.5043975373790677,0.5391380826737028,0.5184696569920845,0.5030782761653474,0.5237467018469657,0.019801618127467235,17,0.9139596136962248,0.8820298769771528,0.858628772341049,0.840989010989011,0.6522771232635836,0.8295768794534041,0.09195783333575437,0.29554256423737135,0.40963855421686746,0.139996015598568,0.3058301776064384,0.5030782761653474,0.03780762352801049
0.25861454010009766,0.116659239968021,0.020545291900634765,0.009621061093452005,50,15,3,0.09623506263980883,6.951927961775606e-05,"{'model__min_samples_leaf': 50, 'model__max_leaf_nodes': 15, 'model__max_depth': 3, 'model__learning_rate': 0.09623506263980883, 'model__l2_regularization': 6.951927961775606e-05}",0.5510026155187445,0.37284482758620685,0.6469611424775822,0.5695312499999999,0.6104078762306611,0.5501495423626389,0.09467512125586894,21,0.8566801619433198,0.7746478873239437,0.7534452176285988,0.7378563623721068,0.656664582899215,0.7558588424334369,0.06432321924967849,0.5470536499560247,0.48812664907651715,0.5325417766051012,0.5153913808267371,0.5127528583992964,0.5191732629727352,0.01987686895338612,24,0.8446005267778753,0.7609841827768014,0.7352768825080574,0.71,0.5654123439423246,0.7232547872010118,0.09097554930546785,0.20570930007079802,0.37284482758620685,0.17208979371187494,0.20408152422827652,0.48812664907651715,0.03828561748263598
0.4407180309295654,0.1876049217330588,0.04091701507568359,0.018663794884685052,100,15,8,0.05623413251903488,1e-06,"{'model__min_samples_leaf': 100, 'model__max_leaf_nodes': 15, 'model__max_depth': 8, 'model__learning_rate': 0.05623413251903488, 'model__l2_regularization': 1e-06}",0.5747998314369996,0.35822571588994945,0.6235795454545455,0.5804971319311664,0.6089126559714795,0.5492029761368281,0.09716373505477448,22,0.8988580750407831,0.8273125913551891,0.7939767282683095,0.7777000699370566,0.6741791875347801,0.7944053304272236,0.07311202164040587,0.5562884784520669,0.4973614775725594,0.5338610378188214,0.5175901495162709,0.5175901495162709,0.5245382585751978,0.019647496225777588,16,0.8911325724319579,0.8183216168717048,0.7795194843246411,0.7554945054945055,0.5881835765781607,0.766530351140194,0.10030566108011368,0.2452023542903955,0.35822571588994945,0.17691771399025916,0.2419920925649962,0.4973614775725594,0.03745674582278525
0.26243109703063966,0.13236433715018753,0.02002129554748535,0.009015507245202368,10,63,3,0.12589254117941662,0.061584821106602544,"{'model__min_samples_leaf': 10, 'model__max_leaf_nodes': 63, 'model__max_depth': 3, 'model__learning_rate': 0.12589254117941662, 'model__l2_regularization': 0.061584821106602544}",0.5631313131313131,0.38767923526287834,0.6307481125600549,0.5306122448979591,0.6072701354240913,0.5438882082552594,0.08545139343409557,23,0.942528735632184,0.8476489028213167,0.8081799591002045,0.7796813946498348,0.662128017967434,0.8080334020341947,0.09137901461890932,0.5435356200527705,0.49296394019349166,0.5268249780123131,0.5145118733509235,0.5153913808267371,0.5186455584872471,0.016574924505053726,25,0.9385425812115891,0.8398506151142355,0.793876355112804,0.7583516483516484,0.5767540003516792,0.7814750400283912,0.1188924793287712,0.2641451937789353,0.38767923526287834,0.1571120537954212,0.26282948154114405,0.49296394019349166,0.031958095916985056
0.3934824466705322,0.19188060827606723,0.024884414672851563,0.011109730347887932,10,15,5,0.16468978654828673,0.0008858667904100823,"{'model__min_samples_leaf': 10, 'model__max_leaf_nodes': 15, 'model__max_depth': 5, 'model__learning_rate': 0.16468978654828673, 'model__l2_regularization': 0.0008858667904100823}",0.5477386934673367,0.4753867791842475,0.6050236621769203,0.49954254345837135,0.5907527703477263,0.5436888897269204,0.0502144247689143,24,1.0,0.9913153992798136,0.9620182200420462,0.9401762571280455,0.6752801770290527,0.9137580106957917,0.12112099565657522,0.525065963060686,0.5079155672823219,0.5228671943711521,0.5189094107299912,0.5290237467018469,0.5207563764291996,0.007206596455803504,23,1.0,0.9909929701230229,0.9602988573102842,0.9365934065934066,0.6000527518902761,0.8975875971833979,0.15046195759905176,0.37006912096887123,0.4753867791842475,0.09235874728677201,0.3768312207541983,0.5079155672823219,0.013838709964952855
0.7307838916778564,0.32636719036296696,0.033730602264404295,0.01592330617830037,10,31,,0.0735642254459641,6.951927961775606e-05,"{'model__min_samples_leaf': 10, 'model__max_leaf_nodes': 31, 'model__max_depth': None, 'model__learning_rate': 0.0735642254459641, 'model__l2_regularization': 6.951927961775606e-05}",0.5509239363987969,0.4264631043256998,0.6044508255563532,0.5219298245614036,0.6128571428571429,0.5433249667398793,0.06744373279598131,25,1.0,0.9987244897959184,0.9902666102412188,0.9736814730053054,0.6962994470438111,0.9317944040172506,0.11812115806639582,0.5404573438874231,0.5043975373790677,0.5153913808267371,0.5206684256816183,0.523306948109059,0.520844327176781,0.011755827373950702,22,1.0,0.9986818980667839,0.9898915909756812,0.9721978021978022,0.6233515034288729,0.9168245589338282,0.14707154688441332,0.38846943727737127,0.4264631043256998,0.12413148101892856,0.3959802317570472,0.5043975373790677,0.022570712131344053
0.39883956909179685,0.19447304157253742,0.03598542213439941,0.012988110323873403,100,63,5,0.4823178482239304,1e-06,"{'model__min_samples_leaf': 100, 'model__max_leaf_nodes': 63, 'model__max_depth': 5, 'model__learning_rate': 0.4823178482239304, 'model__l2_regularization': 1e-06}",0.5690021231422505,0.4512428298279159,0.5755725190839696,0.5499999999999999,0.540192926045016,0.5372020796198304,0.04482244514946488,26,1.0,0.9959685974962869,0.9825056433408578,0.9621892625861708,0.6628917157927398,0.920711043843211,0.12958414951207473,0.5536499560246262,0.4951627088830255,0.5109938434476693,0.5092348284960422,0.4969217238346526,0.5131926121372031,0.02119959682180114,30,1.0,0.9958260105448155,0.9818341634925286,0.9602197802197803,0.6179004747670125,0.9111560858048273,0.14728457314018276,0.38350896422338066,0.4512428298279159,0.08343684220505072,0.3979634736676242,0.4951627088830255,0.0413092400794994
0.27375044822692873,0.11687807067206227,0.023098134994506837,0.010188978234656818,10,31,3,0.16468978654828673,2.335721469090121e-06,"{'model__min_samples_leaf': 10, 'model__max_leaf_nodes': 31, 'model__max_depth': 3, 'model__learning_rate': 0.16468978654828673, 'model__l2_regularization': 2.335721469090121e-06}",0.5533165407220824,0.36503573391973615,0.6290983606557377,0.5323741007194246,0.5917686318131257,0.5343186735660213,0.09089015432129209,27,0.968299711815562,0.8790102746907108,0.8346651970239735,0.8056872037914691,0.6601529311809686,0.8295630637005369,0.10098392511290527,0.5321020228671943,0.4920844327176781,0.5224274406332454,0.5140721196130167,0.5158311345646438,0.5153034300791556,0.013220141315382803,26,0.966198419666374,0.8732425307557118,0.8242015821857603,0.7882417582417582,0.5779848777914542,0.8059738337282119,0.12870325317011597,0.29524439013451564,0.36503573391973615,0.1701047685919245,0.2906704036490563,0.4920844327176781,0.02565506174362562
0.7405153274536133,0.34210550012897156,0.04466066360473633,0.0241562357575131,20,31,,0.2818382931264452,1e-06,"{'model__min_samples_leaf': 20, 'model__max_leaf_nodes': 31, 'model__max_depth': None, 'model__learning_rate': 0.2818382931264452, 'model__l2_regularization': 1e-06}",0.5582770270270271,0.42864398171660745,0.6043636363636363,0.49759930161501525,0.557312252964427,0.5292392399373427,0.060655508820611985,28,1.0,1.0,1.0,1.0,0.6995000373106485,0.9399000074621296,0.1201999850757406,0.5400175901495162,0.5052770448548812,0.5215479331574319,0.4938434476693052,0.5074758135444152,0.51363236587511,0.01586286276256195,29,1.0,1.0,1.0,1.0,0.6459468964304554,0.9291893792860911,0.14162124142781785,0.410660767524787,0.42864398171660745,0.11460886541178063,0.41555701341098117,0.4938434476693052,0.030883690001768726
1.2014845848083495,0.5954593118363202,0.06402215957641602,0.030872515189845677,20,63,,0.36869450645195734,0.002069138081114788,"{'model__min_samples_leaf': 20, 'model__max_leaf_nodes': 63, 'model__max_depth': None, 'model__learning_rate': 0.36869450645195734, 'model__l2_regularization': 0.002069138081114788}",0.5725190839694656,0.472998137802607,0.5860640301318268,0.49618663077613284,0.5128205128205129,0.528117679100109,0.04386575732473869,29,1.0,1.0,1.0,1.0,0.7465176674274022,0.9493035334854805,0.10139293302903911,0.5567282321899736,0.5021987686895338,0.5167106420404574,0.5061565523306948,0.490325417766051,0.5144239226033421,0.022774658856808103,27,1.0,1.0,1.0,1.0,0.7168102690346404,0.9433620538069281,0.11327589238614384,0.4211858543853715,0.472998137802607,0.08306057354391952,0.4289381312035859,0.490325417766051,0.04427216125866099
0.2840745449066162,0.14213361097734417,0.030389833450317382,0.016046826179839265,100,15,3,0.36869450645195734,0.000379269019073225,"{'model__min_samples_leaf': 100, 'model__max_leaf_nodes': 15, 'model__max_depth': 3, 'model__learning_rate': 0.36869450645195734, 'model__l2_regularization': 0.000379269019073225}",0.5633206268530285,0.3557010365521004,0.6181031373963217,0.5507593924860112,0.55229793977813,0.5280364266131183,0.08962301941407148,30,0.952965235173824,0.8782736224596689,0.8305721843240985,0.8029792878277726,0.6534190531852717,0.8236418765941271,0.0991563816198352,0.5466138962181178,0.480650835532102,0.5343007915567283,0.5057167985927881,0.5030782761653474,0.5140721196130167,0.023561937976078064,28,0.9495171202809481,0.8723637961335676,0.8217111046000586,0.7878021978021978,0.5829083875505539,0.8028605212734652,0.12271911177603938,0.2956054499810088,0.3557010365521004,0.16972885751258307,0.2887884016604485,0.480650835532102,0.04583391527596366
0.3664986610412598,0.1980180115810636,0.030249977111816408,0.014122631593280721,50,63,5,0.21544346900318823,0.026366508987303555,"{'model__min_samples_leaf': 50, 'model__max_leaf_nodes': 63, 'model__max_depth': 5, 'model__learning_rate': 0.21544346900318823, 'model__l2_regularization': 0.026366508987303555}",0.5583972719522592,0.3843683083511777,0.5998542274052477,0.5420792079207921,0.5470152165431136,0.5263428464345181,0.07384193761028686,31,0.9971110193974412,0.9771670190274842,0.9453168816601234,0.9201528767689289,0.672707182320442,0.9024909958348839,0.11787795110785164,0.544415127528584,0.49428320140721194,0.5171503957783641,0.5118733509234829,0.4894459102902375,0.5114335971855761,0.019484614256531915,32,0.9969271290605795,0.976274165202109,0.9428655142103721,0.915054945054945,0.6093722525057148,0.8880988012067441,0.14214993158939676,0.3761481494003658,0.3843683083511777,0.14029246927263686,0.376665204021168,0.4894459102902375,0.03809803337863592
0.38124980926513674,0.18600227842387623,0.03208026885986328,0.014948664532262212,100,63,5,0.36869450645195734,4.281332398719387,"{'model__min_samples_leaf': 100, 'model__max_leaf_nodes': 63, 'model__max_depth': 5, 'model__learning_rate': 0.36869450645195734, 'model__l2_regularization': 4.281332398719387}",0.563843236409608,0.37262357414448666,0.5920813657827825,0.5568910256410255,0.5370967741935484,0.5245071952342902,0.07796080680213312,32,0.9975247524752475,0.976271186440678,0.9505479067153695,0.9257261410788383,0.6664136622390892,0.9032967297898444,0.12087475459049257,0.5448548812664907,0.4920844327176781,0.5061565523306948,0.51363236587511,0.4951627088830255,0.5103781882145999,0.018885055186826753,33,0.9973661106233538,0.9753954305799648,0.948432464107823,0.9213186813186813,0.6135924037278002,0.8912210180715245,0.14114444997016173,0.3787895345555542,0.37262357414448666,0.1486362961471083,0.38084282985692464,0.4920844327176781,0.037002081246634524
0.3918797492980957,0.18599043535339294,0.0312192440032959,0.014150852298859175,50,15,5,0.4823178482239304,2.335721469090121e-06,"{'model__min_samples_leaf': 50, 'model__max_leaf_nodes': 15, 'model__max_depth': 5, 'model__learning_rate': 0.4823178482239304, 'model__l2_regularization': 2.335721469090121e-06}",0.553245651251591,0.38293333333333335,0.6143465909090909,0.5260977630488816,0.4871459694989107,0.5127538616083616,0.07700371559974727,33,1.0,1.0,0.9943582510578279,0.9798727708833038,0.6626770699189456,0.9273816183720154,0.13255681581131346,0.5369393139841688,0.49120492524186454,0.5224274406332454,0.4969217238346526,0.4824098504837291,0.505980650835532,0.020420110543540686,35,1.0,1.0,0.9941400527395253,0.9787912087912088,0.608493054334447,0.9162848631730363,0.15409134929710855,0.4146277567636538,0.38293333333333335,0.1501767638730379,0.41030421233750425,0.4824098504837291,0.04035749293934602
2.22243390083313,1.2225678506692332,0.07808213233947754,0.037060610737967126,20,127,,0.36869450645195734,1.8329807108324339,"{'model__min_samples_leaf': 20, 'model__max_leaf_nodes': 127, 'model__max_depth': None, 'model__learning_rate': 0.36869450645195734, 'model__l2_regularization': 1.8329807108324339}",0.5623409669211197,0.39915299100052937,0.5829867674858223,0.5282224094355519,0.48554913294797686,0.5116504535582,0.065222673313641,34,1.0,1.0,1.0,1.0,0.7970413720230839,0.9594082744046167,0.08118345119076643,0.5461741424802111,0.5008795074758136,0.5149516270888302,0.5074758135444152,0.49120492524186454,0.5121372031662269,0.0187246294726865,31,1.0,1.0,1.0,1.0,0.7804642166344294,0.9560928433268859,0.08781431334622822,0.4477578208464167,0.39915299100052937,0.12747506204687054,0.443955640160659,0.49120492524186454,0.03656174430782166
0.25150132179260254,0.11976446093257634,0.018767642974853515,0.008840497277214946,50,63,3,0.6309573444801932,0.004832930238571752,"{'model__min_samples_leaf': 50, 'model__max_leaf_nodes': 63, 'model__max_depth': 3, 'model__learning_rate': 0.6309573444801932, 'model__l2_regularization': 0.004832930238571752}",0.551986475063398,0.3840425531914894,0.6036363636363636,0.5270788912579957,0.4832214765100671,0.5099931519318627,0.07403335559358713,35,0.9991742361684558,0.9633066216786166,0.9107243121841662,0.8814507772020725,0.646359020989619,0.8802029936445861,0.12383576295751546,0.5338610378188214,0.49076517150395776,0.5206684256816183,0.5123131046613896,0.4920844327176781,0.5099384344766931,0.016609889296688544,34,0.9991220368744512,0.9617750439367311,0.9068268385584529,0.8742857142857143,0.589678213469316,0.8663375694249332,0.1449020217226203,0.3702098417127234,0.3840425531914894,0.14516539156094063,0.35639913494824016,0.49076517150395776,0.03257234241175384
